Workbook

Sheet Dashboard
A2: ZERODHA · TRAINING & DEVELOPMENT TRACKER
A3: Training Activity Dashboard | December 2025 – April 2026
A4: Freeda Reshma Dsouza · Gaurav Kumar · Girish A · Harish Bhat · Raju Vernekar
B6: FILTER BY MONTH | D6: April 2026
B8: TOTAL ACTIVITIES | D8: TOTAL MAN HOURS | F8: ONLINE HOURS | H8: OFFLINE HOURS
B9: =IF($D$6="All Months",COUNTA(Data!$A$2:$A$200),COUNTIF(Data!$A$2:$A$200,$D$6)) -> 19 | D9: =IF($D$6="All Months",SUM(Data!$I$2:$I$200),SUMIF(Data!$A$2:$A$200,$D$6,Data!$I$2:$I$200)) -> 157.75 | F9: =IF($D$6="All Months",SUMIF(Data!$G$2:$G$200,"Online",Data!$I$2:$I$200),SUMPRODUCT((Data!$A$2:$A$200=$D$6)*(Data!$G$2:$G$200="Online")*Data!$I$2:$I$200)) -> 8.75 | H9: =IF($D$6="All Months",SUMIF(Data!$G$2:$G$200,"Offline",Data!$I$2:$I$200),SUMPRODUCT((Data!$A$2:$A$200=$D$6)*(Data!$G$2:$G$200="Offline")*Data!$I$2:$I$200)) -> 149
B10: sessions recorded | D10: combined hours | F10: virtual sessions | H10: in-person sessions
B12: GAURAV KUMAR | D12: RAJU VERNEKAR | F12: FREEDA RESHMA DSOUZA | H12: HARISH BHAT | J12: GIRISH A
B13: =IF($D$6="All Months",SUMPRODUCT(ISNUMBER(SEARCH("Gaurav",Data!$F$2:$F$200))*Data!$I$2:$I$200),SUMPRODUCT((Data!$A$2:$A$200=$D$6)*ISNUMBER(SEARCH("Gaurav",Data!$F$2:$F$200))*Data!$I$2:$I$200)) -> 0 | D13: =IF($D$6="All Months",SUMPRODUCT(ISNUMBER(SEARCH("Raju",Data!$F$2:$F$200))*Data!$I$2:$I$200),SUMPRODUCT((Data!$A$2:$A$200=$D$6)*ISNUMBER(SEARCH("Raju",Data!$F$2:$F$200))*Data!$I$2:$I$200)) -> 15 | F13: =IF($D$6="All Months",SUMPRODUCT(ISNUMBER(SEARCH("Freeda",Data!$F$2:$F$200))*Data!$I$2:$I$200),SUMPRODUCT((Data!$A$2:$A$200=$D$6)*ISNUMBER(SEARCH("Freeda",Data!$F$2:$F$200))*Data!$I$2:$I$200)) -> 71.5 | H13: =IF($D$6="All Months",SUMPRODUCT(ISNUMBER(SEARCH("Harish",Data!$F$2:$F$200))*Data!$I$2:$I$200),SUMPRODUCT((Data!$A$2:$A$200=$D$6)*ISNUMBER(SEARCH("Harish",Data!$F$2:$F$200))*Data!$I$2:$I$200)) -> 102.75 | J13: =IF($D$6="All Months",SUMPRODUCT(ISNUMBER(SEARCH("Girish",Data!$F$2:$F$200))*Data!$I$2:$I$200),SUMPRODUCT((Data!$A$2:$A$200=$D$6)*ISNUMBER(SEARCH("Girish",Data!$F$2:$F$200))*Data!$I$2:$I$200)) -> 73.5
B14: hours trained | D14: hours trained | F14: hours trained | H14: hours trained | J14: hours trained
B17: MONTHLY HOURS SUMMARY
B18: Month | D18: Gaurav Kumar | F18: Raju Vernekar | H18: Freeda Reshma D. | J18: Harish Bhat | L18: Girish A | N18: Grand Total
B19: December 2025 | D19: 55 | F19: 61 | H19: 0 | J19: 0 | L19: 0 | N19: 116
B20: January 2026 | D20: 284 | F20: 211 | H20: 0 | J20: 0 | L20: 0 | N20: 495
B21: February 2026 | D21: 138 | F21: 112 | H21: 0 | J21: 0 | L21: 0 | N21: 250
B22: March 2026 | D22: 103.5 | F22: 121 | H22: 19 | J22: 17 | L22: 17 | N22: 277.5
B23: April 2026 | D23: 0 | F23: 15 | H23: 71.5 | J23: 102.75 | L23: 73.5 | N23: 262.75
B25: TRAINING ANALYTICS
B26: Monthly Hours by Trainer | G26: Online vs Offline | K26: Hours by Activity Type
B59: COMPLETE ACTIVITY LOG — Filters with dropdown above
B60: Month | C60: Type of Training | E60: Training Details | G60: Start Date | H60: Completed | J60: Trainer Name | L60: Session | N60: Topic Covered | Q60: Man Hours
B61: =IFERROR(__xludf.DUMMYFUNCTION("IFERROR(filter(Data!$A$2:$A$200,((Data!$A$2:$A$200=$D$6)+($D$6=""All Months""))*(Data!$A$2:$A$200<>"""")),"""")"),"April 2026") -> April 2026 | C61: =IFERROR(__xludf.DUMMYFUNCTION("IFERROR(filter(Data!$B$2:$B$200,((Data!$A$2:$A$200=$D$6)+($D$6=""All Months""))*(Data!$A$2:$A$200<>"""")),"""")"),"Support Training") -> Support Training | E61: =IFERROR(__xludf.DUMMYFUNCTION("IFERROR(filter(Data!$C$2:$C$200,((Data!$A$2:$A$200=$D$6)+($D$6=""All Months""))*(Data!$A$2:$A$200<>"""")),"""")"),"Batch 2 - C360 Training") -> Batch 2 - C360 Training | G61: =IFERROR(__xludf.DUMMYFUNCTION("IFERROR(filter(Data!$D$2:$D$200,((Data!$A$2:$A$200=$D$6)+($D$6=""All Months""))*(Data!$A$2:$A$200<>"""")),"""")"),"7-Apr") -> 7-Apr | H61: =IFERROR(__xludf.DUMMYFUNCTION("IFERROR(filter(Data!$E$2:$E$200,((Data!$A$2:$A$200=$D$6)+($D$6=""All Months""))*(Data!$A$2:$A$200<>"""")),"""")"),"10-Apr") -> 10-Apr | J61: =IFERROR(__xludf.DUMMYFUNCTION("IFERROR(filter(Data!$F$2:$F$200,((Data!$A$2:$A$200=$D$6)+($D$6=""All Months""))*(Data!$A$2:$A$200<>"""")),"""")"),"Freeda Reshma Dsouza") -> Freeda Reshma Dsouza | L61: =IFERROR(__xludf.DUMMYFUNCTION("IFERROR(filter(Data!$G$2:$G$200,((Data!$A$2:$A$200=$D$6)+($D$6=""All Months""))*(Data!$A$2:$A$200<>"""")),"""")"),"Offline") -> Offline | N61: =IFERROR(__xludf.DUMMYFUNCTION("IFERROR(filter(Data!$H$2:$H$200,((Data!$A$2:$A$200=$D$6)+($D$6=""All Months""))*(Data!$A$2:$A$200<>"""")),"""")"),"Assessment - Communicate 360") -> Assessment - Communicate 360 | Q61: =IFERROR(__xludf.DUMMYFUNCTION("IFERROR(filter(Data!$I$2:$I$200,((Data!$A$2:$A$200=$D$6)+($D$6=""All Months""))*(Data!$A$2:$A$200<>"""")),"""")"),20.0) -> 20
B62: =IFERROR(__xludf.DUMMYFUNCTION("""COMPUTED_VALUE"""),"April 2026") -> April 2026 | C62: =IFERROR(__xludf.DUMMYFUNCTION("""COMPUTED_VALUE"""),"Support Training") -> Support Training | E62: =IFERROR(__xludf.DUMMYFUNCTION("""COMPUTED_VALUE"""),"Batch 3 - C360 Training") -> Batch 3 - C360 Training | G62: =IFERROR(__xludf.DUMMYFUNCTION("""COMPUTED_VALUE"""),"21-Apr") -> 21-Apr | H62: =IFERROR(__xludf.DUMMYFUNCTION("""COMPUTED_VALUE"""),"24-Apr") -> 24-Apr | J62: =IFERROR(__xludf.DUMMYFUNCTION("""COMPUTED_VALUE"""),"Freeda Reshma Dsouza") -> Freeda Reshma Dsouza | L62: =IFERROR(__xludf.DUMMYFUNCTION("""COMPUTED_VALUE"""),"Offline") -> Offline | N62: =IFERROR(__xludf.DUMMYFUNCTION("""COMPUTED_VALUE"""),"Assessment - Communicate 360") -> Assessment - Communicate 360 | Q62: =IFERROR(__xludf.DUMMYFUNCTION("""COMPUTED_VALUE"""),20.0) -> 20
B63: =IFERROR(__xludf.DUMMYFUNCTION("""COMPUTED_VALUE"""),"April 2026") -> April 2026 | C63: =IFERROR(__xludf.DUMMYFUNCTION("""COMPUTED_VALUE"""),"Support Training") -> Support Training | E63: =IFERROR(__xludf.DUMMYFUNCTION("""COMPUTED_VALUE"""),"Batch 2 - C360 Training (Girish)") -> Batch 2 - C360 Training (Girish) | G63: =IFERROR(__xludf.DUMMYFUNCTION("""COMPUTED_VALUE"""),"21-Apr") -> 21-Apr | H63: =IFERROR(__xludf.DUMMYFUNCTION("""COMPUTED_VALUE"""),"24-Apr") -> 24-Apr | J63: =IFERROR(__xludf.DUMMYFUNCTION("""COMPUTED_VALUE"""),"Girish A") -> Girish A | L63: =IFERROR(__xludf.DUMMYFUNCTION("""COMPUTED_VALUE"""),"Offline") -> Offline | N63: =IFERROR(__xludf.DUMMYFUNCTION("""COMPUTED_VALUE"""),"Assessment - Communicate 360") -> Assessment - Communicate 360 | Q63: =IFERROR(__xludf.DUMMYFUNCTION("""COMPUTED_VALUE"""),9.0) -> 9
B64: =IFERROR(__xludf.DUMMYFUNCTION("""COMPUTED_VALUE"""),"April 2026") -> April 2026 | C64: =IFERROR(__xludf.DUMMYFUNCTION("""COMPUTED_VALUE"""),"Support Training") -> Support Training | E64: =IFERROR(__xludf.DUMMYFUNCTION("""COMPUTED_VALUE"""),"Batch - C360 Training (Harish)") -> Batch - C360 Training (Harish) | G64: =IFERROR(__xludf.DUMMYFUNCTION("""COMPUTED_VALUE"""),"21-Apr") -> 21-Apr | H64: =IFERROR(__xludf.DUMMYFUNCTION("""COMPUTED_VALUE"""),"24-Apr") -> 24-Apr | J64: =IFERROR(__xludf.DUMMYFUNCTION("""COMPUTED_VALUE"""),"Harish Bhat") -> Harish Bhat | L64: =IFERROR(__xludf.DUMMYFUNCTION("""COMPUTED_VALUE"""),"Offline") -> Offline | N64: =IFERROR(__xludf.DUMMYFUNCTION("""COMPUTED_VALUE"""),"Assessment - Communicate 360") -> Assessment - Communicate 360 | Q64: =IFERROR(__xludf.DUMMYFUNCTION("""COMPUTED_VALUE"""),9.0) -> 9
B65: =IFERROR(__xludf.DUMMYFUNCTION("""COMPUTED_VALUE"""),"April 2026") -> April 2026 | C65: =IFERROR(__xludf.DUMMYFUNCTION("""COMPUTED_VALUE"""),"Support Training") -> Support Training | E65: =IFERROR(__xludf.DUMMYFUNCTION("""COMPUTED_VALUE"""),"Tool Building - C360 Modifications") -> Tool Building - C360 Modifications | G65: =IFERROR(__xludf.DUMMYFUNCTION("""COMPUTED_VALUE"""),"13-Apr") -> 13-Apr | H65: =IFERROR(__xludf.DUMMYFUNCTION("""COMPUTED_VALUE"""),"30-Apr") -> 30-Apr | J65: =IFERROR(__xludf.DUMMYFUNCTION("""COMPUTED_VALUE"""),"Raju Vernekar / Girish A / Harish Bhat") -> Raju Vernekar / Girish A / Harish Bhat | L65: =IFERROR(__xludf.DUMMYFUNCTION("""COMPUTED_VALUE"""),"Offline") -> Offline | N65: =IFERROR(__xludf.DUMMYFUNCTION("""COMPUTED_VALUE"""),"Tool Building - C360 Modifications") -> Tool Building - C360 Modifications | Q65: =IFERROR(__xludf.DUMMYFUNCTION("""COMPUTED_VALUE"""),15.0) -> 15
B66: =IFERROR(__xludf.DUMMYFUNCTION("""COMPUTED_VALUE"""),"April 2026") -> April 2026 | C66: =IFERROR(__xludf.DUMMYFUNCTION("""COMPUTED_VALUE"""),"Assessment") -> Assessment | E66: =IFERROR(__xludf.DUMMYFUNCTION("""COMPUTED_VALUE"""),"Batch 1 - Correction C360") -> Batch 1 - Correction C360 | G66: =IFERROR(__xludf.DUMMYFUNCTION("""COMPUTED_VALUE"""),"11-Apr") -> 11-Apr | H66: =IFERROR(__xludf.DUMMYFUNCTION("""COMPUTED_VALUE"""),"15-Apr") -> 15-Apr | J66: =IFERROR(__xludf.DUMMYFUNCTION("""COMPUTED_VALUE"""),"Freeda Reshma Dsouza / Girish A / Harish Bhat") -> Freeda Reshma Dsouza / Girish A / Harish Bhat | L66: =IFERROR(__xludf.DUMMYFUNCTION("""COMPUTED_VALUE"""),"Offline") -> Offline | N66: =IFERROR(__xludf.DUMMYFUNCTION("""COMPUTED_VALUE"""),"Correction of Assessment - C360") -> Correction of Assessment - C360 | Q66: =IFERROR(__xludf.DUMMYFUNCTION("""COMPUTED_VALUE"""),30.0) -> 30
B67: =IFERROR(__xludf.DUMMYFUNCTION("""COMPUTED_VALUE"""),"April 2026") -> April 2026 | C67: =IFERROR(__xludf.DUMMYFUNCTION("""COMPUTED_VALUE"""),"Assessment") -> Assessment | E67: =IFERROR(__xludf.DUMMYFUNCTION("""COMPUTED_VALUE"""),"Batch 2 - Correction C360") -> Batch 2 - Correction C360 | G67: =IFERROR(__xludf.DUMMYFUNCTION("""COMPUTED_VALUE"""),"27-Apr") -> 27-Apr | H67: =IFERROR(__xludf.DUMMYFUNCTION("""COMPUTED_VALUE"""),"30-Apr") -> 30-Apr | J67: =IFERROR(__xludf.DUMMYFUNCTION("""COMPUTED_VALUE"""),"Girish A / Harish Bhat") -> Girish A / Harish Bhat | L67: =IFERROR(__xludf.DUMMYFUNCTION("""COMPUTED_VALUE"""),"Offline") -> Offline | N67: =IFERROR(__xludf.DUMMYFUNCTION("""COMPUTED_VALUE"""),"Correction of Assessment - C360") -> Correction of Assessment - C360 | Q67: =IFERROR(__xludf.DUMMYFUNCTION("""COMPUTED_VALUE"""),15.0) -> 15
B68: =IFERROR(__xludf.DUMMYFUNCTION("""COMPUTED_VALUE"""),"April 2026") -> April 2026 | C68: =IFERROR(__xludf.DUMMYFUNCTION("""COMPUTED_VALUE"""),"Support Training") -> Support Training | E68: =IFERROR(__xludf.DUMMYFUNCTION("""COMPUTED_VALUE"""),"Batch 1&2 Report Generation - C360") -> Batch 1&2 Report Generation - C360 | G68: =IFERROR(__xludf.DUMMYFUNCTION("""COMPUTED_VALUE"""),"21-Apr") -> 21-Apr | H68: =IFERROR(__xludf.DUMMYFUNCTION("""COMPUTED_VALUE"""),"21-Apr") -> 21-Apr | J68: =IFERROR(__xludf.DUMMYFUNCTION("""COMPUTED_VALUE"""),"Harish Bhat") -> Harish Bhat | L68: =IFERROR(__xludf.DUMMYFUNCTION("""COMPUTED_VALUE"""),"Offline") -> Offline | N68: =IFERROR(__xludf.DUMMYFUNCTION("""COMPUTED_VALUE"""),"Report Generation - C360") -> Report Generation - C360 | Q68: =IFERROR(__xludf.DUMMYFUNCTION("""COMPUTED_VALUE"""),8.0) -> 8
B69: =IFERROR(__xludf.DUMMYFUNCTION("""COMPUTED_VALUE"""),"April 2026") -> April 2026 | C69: =IFERROR(__xludf.DUMMYFUNCTION("""COMPUTED_VALUE"""),"Accop Training") -> Accop Training | E69: =IFERROR(__xludf.DUMMYFUNCTION("""COMPUTED_VALUE"""),"Session on AML & Stock tips") -> Session on AML & Stock tips | G69: =IFERROR(__xludf.DUMMYFUNCTION("""COMPUTED_VALUE"""),"23-Apr") -> 23-Apr | H69: =IFERROR(__xludf.DUMMYFUNCTION("""COMPUTED_VALUE"""),"23-Apr") -> 23-Apr | J69: =IFERROR(__xludf.DUMMYFUNCTION("""COMPUTED_VALUE"""),"Girish A") -> Girish A | L69: =IFERROR(__xludf.DUMMYFUNCTION("""COMPUTED_VALUE"""),"Online") -> Online | N69: =IFERROR(__xludf.DUMMYFUNCTION("""COMPUTED_VALUE"""),"AML & Stock tips") -> AML & Stock tips | Q69: =IFERROR(__xludf.DUMMYFUNCTION("""COMPUTED_VALUE"""),1.75) -> 1.75
B70: =IFERROR(__xludf.DUMMYFUNCTION("""COMPUTED_VALUE"""),"April 2026") -> April 2026 | C70: =IFERROR(__xludf.DUMMYFUNCTION("""COMPUTED_VALUE"""),"NRI Team Training") -> NRI Team Training | E70: =IFERROR(__xludf.DUMMYFUNCTION("""COMPUTED_VALUE"""),"Session on AML & Stock tips") -> Session on AML & Stock tips | G70: =IFERROR(__xludf.DUMMYFUNCTION("""COMPUTED_VALUE"""),"27-Apr") -> 27-Apr | H70: =IFERROR(__xludf.DUMMYFUNCTION("""COMPUTED_VALUE"""),"27-Apr") -> 27-Apr | J70: =IFERROR(__xludf.DUMMYFUNCTION("""COMPUTED_VALUE"""),"Harish Bhat") -> Harish Bhat | L70: =IFERROR(__xludf.DUMMYFUNCTION("""COMPUTED_VALUE"""),"Online") -> Online | N70: =IFERROR(__xludf.DUMMYFUNCTION("""COMPUTED_VALUE"""),"AML & Stock tips") -> AML & Stock tips | Q70: =IFERROR(__xludf.DUMMYFUNCTION("""COMPUTED_VALUE"""),1.75) -> 1.75
B71: =IFERROR(__xludf.DUMMYFUNCTION("""COMPUTED_VALUE"""),"April 2026") -> April 2026 | C71: =IFERROR(__xludf.DUMMYFUNCTION("""COMPUTED_VALUE"""),"Fresh Hires Training") -> Fresh Hires Training | E71: =IFERROR(__xludf.DUMMYFUNCTION("""COMPUTED_VALUE"""),"Session on AML & Stock tips") -> Session on AML & Stock tips | G71: =IFERROR(__xludf.DUMMYFUNCTION("""COMPUTED_VALUE"""),"29-Apr") -> 29-Apr | H71: =IFERROR(__xludf.DUMMYFUNCTION("""COMPUTED_VALUE"""),"29-Apr") -> 29-Apr | J71: =IFERROR(__xludf.DUMMYFUNCTION("""COMPUTED_VALUE"""),"Girish A") -> Girish A | L71: =IFERROR(__xludf.DUMMYFUNCTION("""COMPUTED_VALUE"""),"Online") -> Online | N71: =IFERROR(__xludf.DUMMYFUNCTION("""COMPUTED_VALUE"""),"AML & Stock tips") -> AML & Stock tips | Q71: =IFERROR(__xludf.DUMMYFUNCTION("""COMPUTED_VALUE"""),0.75) -> 0.75
B72: =IFERROR(__xludf.DUMMYFUNCTION("""COMPUTED_VALUE"""),"April 2026") -> April 2026 | C72: =IFERROR(__xludf.DUMMYFUNCTION("""COMPUTED_VALUE"""),"Training Need Analysis") -> Training Need Analysis | E72: =IFERROR(__xludf.DUMMYFUNCTION("""COMPUTED_VALUE"""),"Understanding requirements from CS") -> Understanding requirements from CS | G72: =IFERROR(__xludf.DUMMYFUNCTION("""COMPUTED_VALUE"""),"16-Apr") -> 16-Apr | H72: =IFERROR(__xludf.DUMMYFUNCTION("""COMPUTED_VALUE"""),"16-Apr") -> 16-Apr | J72: =IFERROR(__xludf.DUMMYFUNCTION("""COMPUTED_VALUE"""),"Freeda Reshma Dsouza") -> Freeda Reshma Dsouza | L72: =IFERROR(__xludf.DUMMYFUNCTION("""COMPUTED_VALUE"""),"Online") -> Online | N72: =IFERROR(__xludf.DUMMYFUNCTION("""COMPUTED_VALUE"""),"Training Need Analysis") -> Training Need Analysis | Q72: =IFERROR(__xludf.DUMMYFUNCTION("""COMPUTED_VALUE"""),1.0) -> 1
B73: =IFERROR(__xludf.DUMMYFUNCTION("""COMPUTED_VALUE"""),"April 2026") -> April 2026 | C73: =IFERROR(__xludf.DUMMYFUNCTION("""COMPUTED_VALUE"""),"Self Assessment Form") -> Self Assessment Form | E73: =IFERROR(__xludf.DUMMYFUNCTION("""COMPUTED_VALUE"""),"Building self assessment for CS") -> Building self assessment for CS | G73: =IFERROR(__xludf.DUMMYFUNCTION("""COMPUTED_VALUE"""),"17-Apr") -> 17-Apr | H73: =IFERROR(__xludf.DUMMYFUNCTION("""COMPUTED_VALUE"""),"17-Apr") -> 17-Apr | J73: =IFERROR(__xludf.DUMMYFUNCTION("""COMPUTED_VALUE"""),"Freeda Reshma Dsouza") -> Freeda Reshma Dsouza | L73: =IFERROR(__xludf.DUMMYFUNCTION("""COMPUTED_VALUE"""),"Online") -> Online | N73: =IFERROR(__xludf.DUMMYFUNCTION("""COMPUTED_VALUE"""),"Self Assessment") -> Self Assessment | Q73: =IFERROR(__xludf.DUMMYFUNCTION("""COMPUTED_VALUE"""),0.5) -> 0.5
B74: =IFERROR(__xludf.DUMMYFUNCTION("""COMPUTED_VALUE"""),"April 2026") -> April 2026 | C74: =IFERROR(__xludf.DUMMYFUNCTION("""COMPUTED_VALUE"""),"Varsity Scripts Writing") -> Varsity Scripts Writing | E74: =IFERROR(__xludf.DUMMYFUNCTION("""COMPUTED_VALUE"""),"Script preparation") -> Script preparation | G74: =IFERROR(__xludf.DUMMYFUNCTION("""COMPUTED_VALUE"""),"-") -> - | H74: =IFERROR(__xludf.DUMMYFUNCTION("""COMPUTED_VALUE"""),"-") -> - | J74: =IFERROR(__xludf.DUMMYFUNCTION("""COMPUTED_VALUE"""),"Harish Bhat") -> Harish Bhat | L74: =IFERROR(__xludf.DUMMYFUNCTION("""COMPUTED_VALUE"""),"Offline") -> Offline | N74: =IFERROR(__xludf.DUMMYFUNCTION("""COMPUTED_VALUE"""),"Varsity Scripts") -> Varsity Scripts | Q74: =IFERROR(__xludf.DUMMYFUNCTION("""COMPUTED_VALUE"""),2.0) -> 2
B75: =IFERROR(__xludf.DUMMYFUNCTION("""COMPUTED_VALUE"""),"April 2026") -> April 2026 | C75: =IFERROR(__xludf.DUMMYFUNCTION("""COMPUTED_VALUE"""),"Varsity Video Shoot") -> Varsity Video Shoot | E75: =IFERROR(__xludf.DUMMYFUNCTION("""COMPUTED_VALUE"""),"Video recording") -> Video recording | G75: =IFERROR(__xludf.DUMMYFUNCTION("""COMPUTED_VALUE"""),"-") -> - | H75: =IFERROR(__xludf.DUMMYFUNCTION("""COMPUTED_VALUE"""),"-") -> - | J75: =IFERROR(__xludf.DUMMYFUNCTION("""COMPUTED_VALUE"""),"Harish Bhat") -> Harish Bhat | L75: =IFERROR(__xludf.DUMMYFUNCTION("""COMPUTED_VALUE"""),"Offline") -> Offline | N75: =IFERROR(__xludf.DUMMYFUNCTION("""COMPUTED_VALUE"""),"Varsity Videos") -> Varsity Videos | Q75: =IFERROR(__xludf.DUMMYFUNCTION("""COMPUTED_VALUE"""),2.0) -> 2
B76: =IFERROR(__xludf.DUMMYFUNCTION("""COMPUTED_VALUE"""),"April 2026") -> April 2026 | C76: =IFERROR(__xludf.DUMMYFUNCTION("""COMPUTED_VALUE"""),"Varsity Backend Support") -> Varsity Backend Support | E76: =IFERROR(__xludf.DUMMYFUNCTION("""COMPUTED_VALUE"""),"Tickets, exam schedule, Rupee Tales") -> Tickets, exam schedule, Rupee Tales | G76: =IFERROR(__xludf.DUMMYFUNCTION("""COMPUTED_VALUE"""),"-") -> - | H76: =IFERROR(__xludf.DUMMYFUNCTION("""COMPUTED_VALUE"""),"-") -> - | J76: =IFERROR(__xludf.DUMMYFUNCTION("""COMPUTED_VALUE"""),"Harish Bhat") -> Harish Bhat | L76: =IFERROR(__xludf.DUMMYFUNCTION("""COMPUTED_VALUE"""),"Offline") -> Offline | N76: =IFERROR(__xludf.DUMMYFUNCTION("""COMPUTED_VALUE"""),"Varsity Backend") -> Varsity Backend | Q76: =IFERROR(__xludf.DUMMYFUNCTION("""COMPUTED_VALUE"""),15.0) -> 15
B77: =IFERROR(__xludf.DUMMYFUNCTION("""COMPUTED_VALUE"""),"April 2026") -> April 2026 | C77: =IFERROR(__xludf.DUMMYFUNCTION("""COMPUTED_VALUE"""),"Mock Calls") -> Mock Calls | E77: =IFERROR(__xludf.DUMMYFUNCTION("""COMPUTED_VALUE"""),"Mock calls for SM") -> Mock calls for SM | G77: =IFERROR(__xludf.DUMMYFUNCTION("""COMPUTED_VALUE"""),"30-Apr") -> 30-Apr | H77: =IFERROR(__xludf.DUMMYFUNCTION("""COMPUTED_VALUE"""),"30-Apr") -> 30-Apr | J77: =IFERROR(__xludf.DUMMYFUNCTION("""COMPUTED_VALUE"""),"Harish Bhat") -> Harish Bhat | L77: =IFERROR(__xludf.DUMMYFUNCTION("""COMPUTED_VALUE"""),"Offline") -> Offline | N77: =IFERROR(__xludf.DUMMYFUNCTION("""COMPUTED_VALUE"""),"Mock calls") -> Mock calls | Q77: =IFERROR(__xludf.DUMMYFUNCTION("""COMPUTED_VALUE"""),2.0) -> 2
B78: =IFERROR(__xludf.DUMMYFUNCTION("""COMPUTED_VALUE"""),"April 2026") -> April 2026 | C78: =IFERROR(__xludf.DUMMYFUNCTION("""COMPUTED_VALUE"""),"Mock Calls") -> Mock Calls | E78: =IFERROR(__xludf.DUMMYFUNCTION("""COMPUTED_VALUE"""),"Mock calls for SM") -> Mock calls for SM | G78: =IFERROR(__xludf.DUMMYFUNCTION("""COMPUTED_VALUE"""),"30-Apr") -> 30-Apr | H78: =IFERROR(__xludf.DUMMYFUNCTION("""COMPUTED_VALUE"""),"30-Apr") -> 30-Apr | J78: =IFERROR(__xludf.DUMMYFUNCTION("""COMPUTED_VALUE"""),"Girish A") -> Girish A | L78: =IFERROR(__xludf.DUMMYFUNCTION("""COMPUTED_VALUE"""),"Offline") -> Offline | N78: =IFERROR(__xludf.DUMMYFUNCTION("""COMPUTED_VALUE"""),"Mock calls") -> Mock calls | Q78: =IFERROR(__xludf.DUMMYFUNCTION("""COMPUTED_VALUE"""),2.0) -> 2
B79: =IFERROR(__xludf.DUMMYFUNCTION("""COMPUTED_VALUE"""),"April 2026") -> April 2026 | C79: =IFERROR(__xludf.DUMMYFUNCTION("""COMPUTED_VALUE"""),"Ticket Tool Video") -> Ticket Tool Video | E79: =IFERROR(__xludf.DUMMYFUNCTION("""COMPUTED_VALUE"""),"Video production") -> Video production | G79: =IFERROR(__xludf.DUMMYFUNCTION("""COMPUTED_VALUE"""),"2-May") -> 2-May | H79: =IFERROR(__xludf.DUMMYFUNCTION("""COMPUTED_VALUE"""),"2-May") -> 2-May | J79: =IFERROR(__xludf.DUMMYFUNCTION("""COMPUTED_VALUE"""),"Harish Bhat") -> Harish Bhat | L79: =IFERROR(__xludf.DUMMYFUNCTION("""COMPUTED_VALUE"""),"Online") -> Online | N79: =IFERROR(__xludf.DUMMYFUNCTION("""COMPUTED_VALUE"""),"Ticket Tool") -> Ticket Tool | Q79: =IFERROR(__xludf.DUMMYFUNCTION("""COMPUTED_VALUE"""),3.0) -> 3

Sheet Data
A1: Month | B1: Type of Training | C1: Training Details | D1: Start Date | E1: Date of Completion | F1: Trainer Name | G1: Session Type | H1: Topic Covered | I1: Total Man Hours
A2: December 2025 | B2: Team Refresher | C2: ACOP (Online Team) | D2: 10-Dec | E2: 23-Dec | F2: Raju Vernekar | G2: Online | H2: Kite mobile/web & order types | I2: 16
A3: December 2025 | B3: ACOP Team Refresher | C3: ACOP (Online Team) | D3: 10-Dec | E3: 19-Dec | F3: Gaurav Kumar | G3: Online | H3: Kite mobile/web & order types | I3: 16
A4: December 2025 | B4: Project Maven | C4: MCP (Project Maven) | D4: 8-Dec | E4: On going | F4: Raju Vernekar | G4: Offline | H4: Project Maven for Support (MCP) | I4: 52
A5: December 2025 | B5: Project Maven | C5: MCP (Project Maven) | D5: 8-Dec | E5: On going | F5: Gaurav Kumar | G5: Offline | H5: Project Maven for Support (MCP) | I5: 45
A6: December 2025 | B6: Webinar | C6: Support Team | D6: 19-Dec | E6: 19-Dec | F6: Gaurav Kumar / Raju Vernekar | G6: Online | H6: Delta Violation | I6: 3
A7: December 2025 | B7: Session | C7: Support Manager & AVPs | D7: 11-Dec | E7: 11-Dec | F7: Gaurav Kumar | G7: Online | H7: Delta Violation | I7: 3
A8: January 2026 | B8: Refresher | C8: Sherin's Team | D8: 13-Jan | E8: 13-Jan | F8: Raju Vernekar | G8: Online | H8: Basics of support | I8: 4
A9: January 2026 | B9: Project Maven | C9: MCP (Project Maven) | D9: 1-Jan | E9: On going | F9: Raju Vernekar | G9: Offline | H9: Project Maven | I9: 156
A10: January 2026 | B10: Assessments | C10: Communication Assessment Tool | D10: 22-Jan | E10: 22-Jan | F10: Raju Vernekar | G10: Online | H10: Communication Assessment | I10: 1
A11: January 2026 | B11: Refresher | C11: Sherin's Team | D11: 12-Jan | E11: 20-Jan | F11: Gaurav Kumar | G11: Online | H11: MTF, Hedge, Basket, Corp actions, MF | I11: 15
A12: January 2026 | B12: Project Maven | C12: MCP (Project Maven) | D12: 1-Jan | E12: On going | F12: Gaurav Kumar | G12: Offline | H12: Project Maven | I12: 140
A13: January 2026 | B13: Refresher for Entire Support | C13: Support Team | D13: 28-Jan | E13: On going | F13: Gaurav Kumar | G13: Online | H13: Tijori Integration with Kite & Console | I13: 65
... A49: April 2026 | B49: Ticket Tool Video | C49: Video production | D49: 2-May | E49: 2-May | F49: Harish Bhat | G49: Online | H49: Ticket Tool | I49: 3

Sheet CD
A1: Month | B1: Gaurav Kumar | C1: Raju Vernekar | D1: Freeda Reshma Dsouza | E1: Harish Bhat | F1: Girish A
A2: December 2025 | B2: =IF(OR(Dashboard!$D$6="All Months",Dashboard!$D$6="December 2025"),SUMPRODUCT((Data!$A$2:$A$200="December 2025")*ISNUMBER(SEARCH("Gaurav Kumar",Data!$F$2:$F$200))*Data!$I$2:$I$200),0) -> 0 | C2: =IF(OR(Dashboard!$D$6="All Months",Dashboard!$D$6="December 2025"),SUMPRODUCT((Data!$A$2:$A$200="December 2025")*ISNUMBER(SEARCH("Raju Vernekar",Data!$F$2:$F$200))*Data!$I$2:$I$200),0) -> 0 | D2: =IF(OR(Dashboard!$D$6="All Months",Dashboard!$D$6="December 2025"),SUMPRODUCT((Data!$A$2:$A$200="December 2025")*ISNUMBER(SEARCH("Freeda Reshma Dsouza",Data!$F$2:$F$200))*Data!$I$2:$I$200),0) -> 0 | E2: =IF(OR(Dashboard!$D$6="All Months",Dashboard!$D$6="December 2025"),SUMPRODUCT((Data!$A$2:$A$200="December 2025")*ISNUMBER(SEARCH("Harish Bhat",Data!$F$2:$F$200))*Data!$I$2:$I$200),0) -> 0 | F2: =IF(OR(Dashboard!$D$6="All Months",Dashboard!$D$6="December 2025"),SUMPRODUCT((Data!$A$2:$A$200="December 2025")*ISNUMBER(SEARCH("Girish A",Data!$F$2:$F$200))*Data!$I$2:$I$200),0) -> 0
A3: January 2026 | B3: =IF(OR(Dashboard!$D$6="All Months",Dashboard!$D$6="January 2026"),SUMPRODUCT((Data!$A$2:$A$200="January 2026")*ISNUMBER(SEARCH("Gaurav Kumar",Data!$F$2:$F$200))*Data!$I$2:$I$200),0) -> 0 | C3: =IF(OR(Dashboard!$D$6="All Months",Dashboard!$D$6="January 2026"),SUMPRODUCT((Data!$A$2:$A$200="January 2026")*ISNUMBER(SEARCH("Raju Vernekar",Data!$F$2:$F$200))*Data!$I$2:$I$200),0) -> 0 | D3: =IF(OR(Dashboard!$D$6="All Months",Dashboard!$D$6="January 2026"),SUMPRODUCT((Data!$A$2:$A$200="January 2026")*ISNUMBER(SEARCH("Freeda Reshma Dsouza",Data!$F$2:$F$200))*Data!$I$2:$I$200),0) -> 0 | E3: =IF(OR(Dashboard!$D$6="All Months",Dashboard!$D$6="January 2026"),SUMPRODUCT((Data!$A$2:$A$200="January 2026")*ISNUMBER(SEARCH("Harish Bhat",Data!$F$2:$F$200))*Data!$I$2:$I$200),0) -> 0 | F3: =IF(OR(Dashboard!$D$6="All Months",Dashboard!$D$6="January 2026"),SUMPRODUCT((Data!$A$2:$A$200="January 2026")*ISNUMBER(SEARCH("Girish A",Data!$F$2:$F$200))*Data!$I$2:$I$200),0) -> 0
A4: February 2026 | B4: =IF(OR(Dashboard!$D$6="All Months",Dashboard!$D$6="February 2026"),SUMPRODUCT((Data!$A$2:$A$200="February 2026")*ISNUMBER(SEARCH("Gaurav Kumar",Data!$F$2:$F$200))*Data!$I$2:$I$200),0) -> 0 | C4: =IF(OR(Dashboard!$D$6="All Months",Dashboard!$D$6="February 2026"),SUMPRODUCT((Data!$A$2:$A$200="February 2026")*ISNUMBER(SEARCH("Raju Vernekar",Data!$F$2:$F$200))*Data!$I$2:$I$200),0) -> 0 | D4: =IF(OR(Dashboard!$D$6="All Months",Dashboard!$D$6="February 2026"),SUMPRODUCT((Data!$A$2:$A$200="February 2026")*ISNUMBER(SEARCH("Freeda Reshma Dsouza",Data!$F$2:$F$200))*Data!$I$2:$I$200),0) -> 0 | E4: =IF(OR(Dashboard!$D$6="All Months",Dashboard!$D$6="February 2026"),SUMPRODUCT((Data!$A$2:$A$200="February 2026")*ISNUMBER(SEARCH("Harish Bhat",Data!$F$2:$F$200))*Data!$I$2:$I$200),0) -> 0 | F4: =IF(OR(Dashboard!$D$6="All Months",Dashboard!$D$6="February 2026"),SUMPRODUCT((Data!$A$2:$A$200="February 2026")*ISNUMBER(SEARCH("Girish A",Data!$F$2:$F$200))*Data!$I$2:$I$200),0) -> 0
A5: March 2026 | B5: =IF(OR(Dashboard!$D$6="All Months",Dashboard!$D$6="March 2026"),SUMPRODUCT((Data!$A$2:$A$200="March 2026")*ISNUMBER(SEARCH("Gaurav Kumar",Data!$F$2:$F$200))*Data!$I$2:$I$200),0) -> 0 | C5: =IF(OR(Dashboard!$D$6="All Months",Dashboard!$D$6="March 2026"),SUMPRODUCT((Data!$A$2:$A$200="March 2026")*ISNUMBER(SEARCH("Raju Vernekar",Data!$F$2:$F$200))*Data!$I$2:$I$200),0) -> 0 | D5: =IF(OR(Dashboard!$D$6="All Months",Dashboard!$D$6="March 2026"),SUMPRODUCT((Data!$A$2:$A$200="March 2026")*ISNUMBER(SEARCH("Freeda Reshma Dsouza",Data!$F$2:$F$200))*Data!$I$2:$I$200),0) -> 0 | E5: =IF(OR(Dashboard!$D$6="All Months",Dashboard!$D$6="March 2026"),SUMPRODUCT((Data!$A$2:$A$200="March 2026")*ISNUMBER(SEARCH("Harish Bhat",Data!$F$2:$F$200))*Data!$I$2:$I$200),0) -> 0 | F5: =IF(OR(Dashboard!$D$6="All Months",Dashboard!$D$6="March 2026"),SUMPRODUCT((Data!$A$2:$A$200="March 2026")*ISNUMBER(SEARCH("Girish A",Data!$F$2:$F$200))*Data!$I$2:$I$200),0) -> 0
A6: April 2026 | B6: =IF(OR(Dashboard!$D$6="All Months",Dashboard!$D$6="April 2026"),SUMPRODUCT((Data!$A$2:$A$200="April 2026")*ISNUMBER(SEARCH("Gaurav Kumar",Data!$F$2:$F$200))*Data!$I$2:$I$200),0) -> 0 | C6: =IF(OR(Dashboard!$D$6="All Months",Dashboard!$D$6="April 2026"),SUMPRODUCT((Data!$A$2:$A$200="April 2026")*ISNUMBER(SEARCH("Raju Vernekar",Data!$F$2:$F$200))*Data!$I$2:$I$200),0) -> 15 | D6: =IF(OR(Dashboard!$D$6="All Months",Dashboard!$D$6="April 2026"),SUMPRODUCT((Data!$A$2:$A$200="April 2026")*ISNUMBER(SEARCH("Freeda Reshma Dsouza",Data!$F$2:$F$200))*Data!$I$2:$I$200),0) -> 71.5 | E6: =IF(OR(Dashboard!$D$6="All Months",Dashboard!$D$6="April 2026"),SUMPRODUCT((Data!$A$2:$A$200="April 2026")*ISNUMBER(SEARCH("Harish Bhat",Data!$F$2:$F$200))*Data!$I$2:$I$200),0) -> 102.75 | F6: =IF(OR(Dashboard!$D$6="All Months",Dashboard!$D$6="April 2026"),SUMPRODUCT((Data!$A$2:$A$200="April 2026")*ISNUMBER(SEARCH("Girish A",Data!$F$2:$F$200))*Data!$I$2:$I$200),0) -> 73.5
A9: Session Type | B9: Hours
A10: Online | B10: =IF(Dashboard!$D$6="All Months",SUMIF(Data!$G$2:$G$200,"Online",Data!$I$2:$I$200),SUMPRODUCT((Data!$A$2:$A$200=Dashboard!$D$6)*(Data!$G$2:$G$200="Online")*Data!$I$2:$I$200)) -> 8.75
A11: Offline | B11: =IF(Dashboard!$D$6="All Months",SUMIF(Data!$G$2:$G$200,"Offline",Data!$I$2:$I$200),SUMPRODUCT((Data!$A$2:$A$200=Dashboard!$D$6)*(Data!$G$2:$G$200="Offline")*Data!$I$2:$I$200)) -> 149
A14: Activity | B14: Hours
A15: ACOP Team Refresher | B15: =IF(Dashboard!$D$6="All Months",SUMIF(Data!$B$2:$B$200,"ACOP Team Refresher",Data!$I$2:$I$200),SUMPRODUCT((Data!$A$2:$A$200=Dashboard!$D$6)*(Data!$B$2:$B$200="ACOP Team Refresher")*Data!$I$2:$I$200)) -> 0
A16: Accop Training | B16: =IF(Dashboard!$D$6="All Months",SUMIF(Data!$B$2:$B$200,"Accop Training",Data!$I$2:$I$200),SUMPRODUCT((Data!$A$2:$A$200=Dashboard!$D$6)*(Data!$B$2:$B$200="Accop Training")*Data!$I$2:$I$200)) -> 1.75
A17: Assessment | B17: =IF(Dashboard!$D$6="All Months",SUMIF(Data!$B$2:$B$200,"Assessment",Data!$I$2:$I$200),SUMPRODUCT((Data!$A$2:$A$200=Dashboard!$D$6)*(Data!$B$2:$B$200="Assessment")*Data!$I$2:$I$200)) -> 45
A18: Assessments | B18: =IF(Dashboard!$D$6="All Months",SUMIF(Data!$B$2:$B$200,"Assessments",Data!$I$2:$I$200),SUMPRODUCT((Data!$A$2:$A$200=Dashboard!$D$6)*(Data!$B$2:$B$200="Assessments")*Data!$I$2:$I$200)) -> 0
A19: Content Team Session | B19: =IF(Dashboard!$D$6="All Months",SUMIF(Data!$B$2:$B$200,"Content Team Session",Data!$I$2:$I$200),SUMPRODUCT((Data!$A$2:$A$200=Dashboard!$D$6)*(Data!$B$2:$B$200="Content Team Session")*Data!$I$2:$I$200)) -> 0
A20: Fresh Hires Training | B20: =IF(Dashboard!$D$6="All Months",SUMIF(Data!$B$2:$B$200,"Fresh Hires Training",Data!$I$2:$I$200),SUMPRODUCT((Data!$A$2:$A$200=Dashboard!$D$6)*(Data!$B$2:$B$200="Fresh Hires Training")*Data!$I$2:$I$200)) -> 0.75
A21: Mock Calls | B21: =IF(Dashboard!$D$6="All Months",SUMIF(Data!$B$2:$B$200,"Mock Calls",Data!$I$2:$I$200),SUMPRODUCT((Data!$A$2:$A$200=Dashboard!$D$6)*(Data!$B$2:$B$200="Mock Calls")*Data!$I$2:$I$200)) -> 4
A22: NRI Team Training | B22: =IF(Dashboard!$D$6="All Months",SUMIF(Data!$B$2:$B$200,"NRI Team Training",Data!$I$2:$I$200),SUMPRODUCT((Data!$A$2:$A$200=Dashboard!$D$6)*(Data!$B$2:$B$200="NRI Team Training")*Data!$I$2:$I$200)) -> 1.75
A23: Project Maven | B23: =IF(Dashboard!$D$6="All Months",SUMIF(Data!$B$2:$B$200,"Project Maven",Data!$I$2:$I$200),SUMPRODUCT((Data!$A$2:$A$200=Dashboard!$D$6)*(Data!$B$2:$B$200="Project Maven")*Data!$I$2:$I$200)) -> 0
A24: Refresher | B24: =IF(Dashboard!$D$6="All Months",SUMIF(Data!$B$2:$B$200,"Refresher",Data!$I$2:$I$200),SUMPRODUCT((Data!$A$2:$A$200=Dashboard!$D$6)*(Data!$B$2:$B$200="Refresher")*Data!$I$2:$I$200)) -> 0
A25: Refresher for Entire Support | B25: =IF(Dashboard!$D$6="All Months",SUMIF(Data!$B$2:$B$200,"Refresher for Entire Support",Data!$I$2:$I$200),SUMPRODUCT((Data!$A$2:$A$200=Dashboard!$D$6)*(Data!$B$2:$B$200="Refresher for Entire Support")*Data!$I$2:$I$200)) -> 0
A26: Refresher for Evening Support | B26: =IF(Dashboard!$D$6="All Months",SUMIF(Data!$B$2:$B$200,"Refresher for Evening Support",Data!$I$2:$I$200),SUMPRODUCT((Data!$A$2:$A$200=Dashboard!$D$6)*(Data!$B$2:$B$200="Refresher for Evening Support")*Data!$I$2:$I$200)) -> 0
A27: Refresher for Support | B27: =IF(Dashboard!$D$6="All Months",SUMIF(Data!$B$2:$B$200,"Refresher for Support",Data!$I$2:$I$200),SUMPRODUCT((Data!$A$2:$A$200=Dashboard!$D$6)*(Data!$B$2:$B$200="Refresher for Support")*Data!$I$2:$I$200)) -> 0
A28: Self Assessment Form | B28: =IF(Dashboard!$D$6="All Months",SUMIF(Data!$B$2:$B$200,"Self Assessment Form",Data!$I$2:$I$200),SUMPRODUCT((Data!$A$2:$A$200=Dashboard!$D$6)*(Data!$B$2:$B$200="Self Assessment Form")*Data!$I$2:$I$200)) -> 0.5
A29: Session | B29: =IF(Dashboard!$D$6="All Months",SUMIF(Data!$B$2:$B$200,"Session",Data!$I$2:$I$200),SUMPRODUCT((Data!$A$2:$A$200=Dashboard!$D$6)*(Data!$B$2:$B$200="Session")*Data!$I$2:$I$200)) -> 0
A30: Support Team OJT | B30: =IF(Dashboard!$D$6="All Months",SUMIF(Data!$B$2:$B$200,"Support Team OJT",Data!$I$2:$I$200),SUMPRODUCT((Data!$A$2:$A$200=Dashboard!$D$6)*(Data!$B$2:$B$200="Support Team OJT")*Data!$I$2:$I$200)) -> 0
A31: Support Training | B31: =IF(Dashboard!$D$6="All Months",SUMIF(Data!$B$2:$B$200,"Support Training",Data!$I$2:$I$200),SUMPRODUCT((Data!$A$2:$A$200=Dashboard!$D$6)*(Data!$B$2:$B$200="Support Training")*Data!$I$2:$I$200)) -> 81
A32: Team Refresher | B32: =IF(Dashboard!$D$6="All Months",SUMIF(Data!$B$2:$B$200,"Team Refresher",Data!$I$2:$I$200),SUMPRODUCT((Data!$A$2:$A$200=Dashboard!$D$6)*(Data!$B$2:$B$200="Team Refresher")*Data!$I$2:$I$200)) -> 0
A33: Ticket Tool Video | B33: =IF(Dashboard!$D$6="All Months",SUMIF(Data!$B$2:$B$200,"Ticket Tool Video",Data!$I$2:$I$200),SUMPRODUCT((Data!$A$2:$A$200=Dashboard!$D$6)*(Data!$B$2:$B$200="Ticket Tool Video")*Data!$I$2:$I$200)) -> 3
A34: Training Need Analysis | B34: =IF(Dashboard!$D$6="All Months",SUMIF(Data!$B$2:$B$200,"Training Need Analysis",Data!$I$2:$I$200),SUMPRODUCT((Data!$A$2:$A$200=Dashboard!$D$6)*(Data!$B$2:$B$200="Training Need Analysis")*Data!$I$2:$I$200)) -> 1
A35: Varsity Backend Support | B35: =IF(Dashboard!$D$6="All Months",SUMIF(Data!$B$2:$B$200,"Varsity Backend Support",Data!$I$2:$I$200),SUMPRODUCT((Data!$A$2:$A$200=Dashboard!$D$6)*(Data!$B$2:$B$200="Varsity Backend Support")*Data!$I$2:$I$200)) -> 15
A36: Varsity Scripts Writing | B36: =IF(Dashboard!$D$6="All Months",SUMIF(Data!$B$2:$B$200,"Varsity Scripts Writing",Data!$I$2:$I$200),SUMPRODUCT((Data!$A$2:$A$200=Dashboard!$D$6)*(Data!$B$2:$B$200="Varsity Scripts Writing")*Data!$I$2:$I$200)) -> 2
A37: Varsity Team Session | B37: =IF(Dashboard!$D$6="All Months",SUMIF(Data!$B$2:$B$200,"Varsity Team Session",Data!$I$2:$I$200),SUMPRODUCT((Data!$A$2:$A$200=Dashboard!$D$6)*(Data!$B$2:$B$200="Varsity Team Session")*Data!$I$2:$I$200)) -> 0
A38: Varsity Video Shoot | B38: =IF(Dashboard!$D$6="All Months",SUMIF(Data!$B$2:$B$200,"Varsity Video Shoot",Data!$I$2:$I$200),SUMPRODUCT((Data!$A$2:$A$200=Dashboard!$D$6)*(Data!$B$2:$B$200="Varsity Video Shoot")*Data!$I$2:$I$200)) -> 2
A39: Webinar | B39: =IF(Dashboard!$D$6="All Months",SUMIF(Data!$B$2:$B$200,"Webinar",Data!$I$2:$I$200),SUMPRODUCT((Data!$A$2:$A$200=Dashboard!$D$6)*(Data!$B$2:$B$200="Webinar")*Data!$I$2:$I$200)) -> 0

Sheet December 2025
A2: DECEMBER 2025 — TRAINING LOG
A3: Zerodha Training & Development · All activities recorded for this month
A4: ← Use the sheet tabs at the bottom to navigate to other months or Dashboard
A6: # | B6: Type of Training | C6: Training Details | D6: Start Date | E6: Completed | F6: Trainer Name | G6: Session | H6: Topic Covered | I6: Man Hours
A7: 1 | B7: Team Refresher | C7: ACOP (Online Team) | D7: 10-Dec | E7: 23-Dec | F7: Raju Vernekar | G7: Online | H7: Kite mobile/web & order types | I7: 16
A8: 2 | B8: ACOP Team Refresher | C8: ACOP (Online Team) | D8: 10-Dec | E8: 19-Dec | F8: Gaurav Kumar | G8: Online | H8: Kite mobile/web & order types | I8: 16
A9: 3 | B9: Project Maven | C9: MCP (Project Maven) | D9: 8-Dec | E9: On going | F9: Raju Vernekar | G9: Offline | H9: Project Maven for Support (MCP) | I9: 52
A10: 4 | B10: Project Maven | C10: MCP (Project Maven) | D10: 8-Dec | E10: On going | F10: Gaurav Kumar | G10: Offline | H10: Project Maven for Support (MCP) | I10: 45
A11: 5 | B11: Webinar | C11: Support Team | D11: 19-Dec | E11: 19-Dec | F11: Gaurav Kumar / Raju Vernekar | G11: Online | H11: Delta Violation | I11: 3
A12: 6 | B12: Session | C12: Support Manager & AVPs | D12: 11-Dec | E12: 11-Dec | F12: Gaurav Kumar | G12: Online | H12: Delta Violation | I12: 3
A13: TOTAL MAN HOURS THIS MONTH | I13: =SUM(I7:I12) -> 135

Sheet January 2026
A2: JANUARY 2026 — TRAINING LOG
A3: Zerodha Training & Development · All activities recorded for this month
A4: ← Use the sheet tabs at the bottom to navigate to other months or Dashboard
A6: # | B6: Type of Training | C6: Training Details | D6: Start Date | E6: Completed | F6: Trainer Name | G6: Session | H6: Topic Covered | I6: Man Hours
A7: 1 | B7: Refresher | C7: Sherin's Team | D7: 13-Jan | E7: 13-Jan | F7: Raju Vernekar | G7: Online | H7: Basics of support | I7: 4
A8: 2 | B8: Project Maven | C8: MCP (Project Maven) | D8: 1-Jan | E8: On going | F8: Raju Vernekar | G8: Offline | H8: Project Maven | I8: 156
A9: 3 | B9: Assessments | C9: Communication Assessment Tool | D9: 22-Jan | E9: 22-Jan | F9: Raju Vernekar | G9: Online | H9: Communication Assessment | I9: 1
A10: 4 | B10: Refresher | C10: Sherin's Team | D10: 12-Jan | E10: 20-Jan | F10: Gaurav Kumar | G10: Online | H10: MTF, Hedge, Basket, Corp actions, MF | I10: 15
A11: 5 | B11: Project Maven | C11: MCP (Project Maven) | D11: 1-Jan | E11: On going | F11: Gaurav Kumar | G11: Offline | H11: Project Maven | I11: 140
A12: 6 | B12: Refresher for Entire Support | C12: Support Team | D12: 28-Jan | E12: On going | F12: Gaurav Kumar | G12: Online | H12: Tijori Integration with Kite & Console | I12: 65
A13: 7 | B13: Refresher for Evening Support | C13: MCX Team | D13: 29-Jan | E13: On going | F13: Gaurav Kumar | G13: Online | H13: Tijori and MCX Devolvement | I13: 11
A14: 8 | B14: Content Team Session | C14: Stock tips & Un-solicited SMS | D14: 28-Jan | E14: 28-Jan | F14: Gaurav Kumar | G14: Online | H14: Session for Stock tips | I14: 1.5
A15: 9 | B15: Support Team OJT | C15: OJT for SM (Support) | D15: 27-Dec | E15: 31-Jan | F15: Gaurav Kumar / Raju Vernekar | G15: Online | H15: Support On Job Training | I15: 50
A16: 10 | B16: Assessment | C16: Sherin's Team | D16: 23-Jan | E16: 23-Jan | F16: Gaurav Kumar | G16: Online | H16: MTF, Hedge, Basket, Corp actions, MF | I16: 1.5
A17: TOTAL MAN HOURS THIS MONTH | I17: =SUM(I7:I16) -> 445

Sheet February 2026
A2: FEBRUARY 2026 — TRAINING LOG
A3: Zerodha Training & Development · All activities recorded for this month
A4: ← Use the sheet tabs at the bottom to navigate to other months or Dashboard
A6: # | B6: Type of Training | C6: Training Details | D6: Start Date | E6: Completed | F6: Trainer Name | G6: Session | H6: Topic Covered | I6: Man Hours
A7: 1 | B7: Project Maven | C7: Project Maven | D7: 1-Feb | E7: On going | F7: Raju Vernekar | G7: Offline | H7: Project Maven | I7: 104
A8: 2 | B8: Project Maven | C8: Project Maven | D8: 1-Feb | E8: On going | F8: Gaurav Kumar | G8: Offline | H8: Project Maven | I8: 102
A9: 3 | B9: Refresher for Entire Support | C9: Customer Support | D9: 27-Jan | E9: On going | F9: Gaurav Kumar | G9: Online | H9: Tijori, MCX Devolvement, SLB | I9: 36
A10: 4 | B10: Refresher for Support | C10: Customer Support | D10: 11-Feb | E10: Completed | F10: Raju Vernekar | G10: Online | H10: MCX Devolvement | I10: 8
A11: TOTAL MAN HOURS THIS MONTH | I11: =SUM(I7:I10) -> 250

Sheet March 2026
A2: MARCH 2026 — TRAINING LOG
A3: Zerodha Training & Development · All activities recorded for this month
A4: ← Use the sheet tabs at the bottom to navigate to other months or Dashboard
A6: # | B6: Type of Training | C6: Training Details | D6: Start Date | E6: Completed | F6: Trainer Name | G6: Session | H6: Topic Covered | I6: Man Hours
A7: 1 | B7: Assessment | C7: Assessment - Communicate 360 | D7: 1-Mar | E7: On going | F7: Freeda Reshma Dsouza | G7: Offline | H7: Assessment - Communicate 360 | I7: 6
A8: 2 | B8: Assessment | C8: Assessment tool - LMS | D8: 1-Mar | E8: 12-Mar | F8: Raju Vernekar / Girish A / Harish Bhat | G8: Offline | H8: Assessment tool - LMS | I8: 2
A9: 3 | B9: Support Training | C9: Tool building - Communicate 360 | D9: 12-Mar | E9: 12-Mar | F9: Raju Vernekar / Girish A / Harish Bhat | G9: Offline | H9: Tool building - C360 | I9: 5
A10: 4 | B10: Support Training | C10: Batch 1 - C360 Training | D10: 12-Mar | E10: On going | F10: Freeda Reshma Dsouza | G10: Offline | H10: Batch 1 - C360 Training | I10: 8
A11: 5 | B11: Assessment | C11: Correction of Assessment - C360 | D11: 12-Mar | E11: On going | F11: Freeda Reshma Dsouza | G11: Offline | H11: Correction of Assessment - C360 | I11: 5
A12: 6 | B12: Support Training | C12: Report Generation - C360 | D12: 12-Mar | E12: 12-Mar | F12: Raju Vernekar / Girish A / Harish Bhat | G12: Offline | H12: Report Generation - C360 | I12: 10
A13: 7 | B13: Project Maven | C13: Project Maven | D13: 1-Mar | E13: On going | F13: Raju Vernekar | G13: Offline | H13: Project Maven | I13: 104
A14: 8 | B14: Project Maven | C14: Project Maven | D14: 1-Mar | E14: On going | F14: Gaurav Kumar | G14: Offline | H14: Project Maven | I14: 102
A15: 9 | B15: Varsity Team Session | C15: Stock tips & Un-solicited SMS | D15: 27-Mar | E15: 27-Mar | F15: Gaurav Kumar | G15: Online | H15: New hire training | I15: 1.5
A16: TOTAL MAN HOURS THIS MONTH | I16: =SUM(I7:I15) -> 243.5

Sheet April 2026
A2: APRIL 2026 — TRAINING LOG
A3: Zerodha Training & Development · All activities recorded for this month
A6: # | B6: Type of Training | C6: Training Details | D6: Start Date | E6: Completed | F6: Trainer Name | G6: Session | H6: Topic Covered | I6: Man Hours
A7: 1 | B7: Support Training | C7: Batch 2 - C360 Training | D7: 7-Apr | E7: 10-Apr | F7: Freeda Reshma Dsouza | G7: Offline | H7: Assessment - Communicate 360 | I7: 20
A8: 2 | B8: Support Training | C8: Batch 3 - C360 Training | D8: 21-Apr | E8: 24-Apr | F8: Freeda Reshma Dsouza | G8: Offline | H8: Assessment - Communicate 360 | I8: 20
A9: 3 | B9: Support Training | C9: Batch 2 - C360 Training (Girish) | D9: 21-Apr | E9: 24-Apr | F9: Girish A | G9: Offline | H9: Assessment - Communicate 360 | I9: 9
A10: 4 | B10: Support Training | C10: Batch - C360 Training (Harish) | D10: 21-Apr | E10: 24-Apr | F10: Harish Bhat | G10: Offline | H10: Assessment - Communicate 360 | I10: 9
A11: 5 | B11: Support Training | C11: Tool Building - C360 Modifications | D11: 13-Apr | E11: 30-Apr | F11: Raju Vernekar / Girish A / Harish Bhat | G11: Offline | H11: Tool Building - C360 Modifications | I11: 15
A12: 6 | B12: Assessment | C12: Batch 1 - Correction C360 | D12: 11-Apr | E12: 15-Apr | F12: Freeda Reshma Dsouza / Girish A / Harish Bhat | G12: Offline | H12: Correction of Assessment - C360 | I12: 30
A13: 7 | B13: Assessment | C13: Batch 2 - Correction C360 | D13: 27-Apr | E13: 30-Apr | F13: Girish A / Harish Bhat | G13: Offline | H13: Correction of Assessment - C360 | I13: 15
A14: 8 | B14: Support Training | C14: Batch 1&2 Report Generation - C360 | D14: 21-Apr | E14: 21-Apr | F14: Harish Bhat | G14: Offline | H14: Report Generation - C360 | I14: 8
A15: 9 | B15: Accop Training | C15: Session on AML & Stock tips | D15: 23-Apr | E15: 23-Apr | F15: Girish A | G15: Online | H15: AML & Stock tips | I15: 1.75
A16: 10 | B16: NRI Team Training | C16: Session on AML & Stock tips | D16: 27-Apr | E16: 27-Apr | F16: Harish Bhat | G16: Online | H16: AML & Stock tips | I16: 1.75
A17: 11 | B17: Fresh Hires Training | C17: Session on AML & Stock tips | D17: 29-Apr | E17: 29-Apr | F17: Girish A | G17: Online | H17: AML & Stock tips | I17: 0.75
A18: 12 | B18: Training Need Analysis | C18: Understanding requirements from CS | D18: 16-Apr | E18: 16-Apr | F18: Freeda Reshma Dsouza | G18: Online | H18: Training Need Analysis | I18: 1
... A25: 19 | B25: Ticket Tool Video | C25: Video production | D25: 2-May | E25: 2-May | F25: Harish Bhat | G25: Online | H25: Ticket Tool | I25: 3
A26: TOTAL MAN HOURS THIS MONTH | I26: =SUM(I7:I25) -> 157.75

Sheet May 2026
A2: MAY 2026 — TRAINING LOG
A3: Zerodha Training & Development · All activities recorded for this month
A4: ← Use the sheet tabs at the bottom to navigate to other months or Dashboard
A6: # | B6: Type of Training | C6: Training Details | D6: Start Date | E6: Completed | F6: Trainer Name | G6: Session | H6: Topic Covered | I6: Man Hours
A7: No training activities recorded yet — add entries below
D8: 46157 | I8: 0.75
D9: 46157 | I9: 0.75
D10: 46160 | I10: 0.25
D11: 46164 | I11: 1
D12: 46164 | I12: 1
D13: 46160 | I13: 2.5
D14: 46150 | I14: 0.75
D15: 46162 | I15: 1
D16: 46154 | I16: 0.5
D17: 46161 | I17: 1.5
D18: 46162 | I18: 1.25
D19: 46163 | I19: 1.25
... D100: 46155 | I100: 5
I112: =SUM(I8:I33) -> 47.5

Sheet June 2026
A2: JUNE 2026 — TRAINING LOG
A3: Zerodha Training & Development · All activities recorded for this month
A4: ← Use the sheet tabs at the bottom to navigate to other months or Dashboard
A6: # | B6: Type of Training | C6: Training Details | D6: Start Date | E6: Completed | F6: Trainer Name | G6: Session | H6: Topic Covered | I6: Man Hours
A7: No training activities recorded yet — add entries below
A22: TOTAL MAN HOURS THIS MONTH | I22: =SUM(I7:I21) -> 0

Sheet July 2026
A2: JULY 2026 — TRAINING LOG
A3: Zerodha Training & Development · All activities recorded for this month
A4: ← Use the sheet tabs at the bottom to navigate to other months or Dashboard
A6: # | B6: Type of Training | C6: Training Details | D6: Start Date | E6: Completed | F6: Trainer Name | G6: Session | H6: Topic Covered | I6: Man Hours
A7: No training activities recorded yet — add entries below
A22: TOTAL MAN HOURS THIS MONTH | I22: =SUM(I7:I21) -> 0

Sheet August 2026
A2: AUGUST 2026 — TRAINING LOG
A3: Zerodha Training & Development · All activities recorded for this month
A4: ← Use the sheet tabs at the bottom to navigate to other months or Dashboard
A6: # | B6: Type of Training | C6: Training Details | D6: Start Date | E6: Completed | F6: Trainer Name | G6: Session | H6: Topic Covered | I6: Man Hours
A7: No training activities recorded yet — add entries below
A22: TOTAL MAN HOURS THIS MONTH | I22: =SUM(I7:I21) -> 0

Sheet September 2026
A2: SEPTEMBER 2026 — TRAINING LOG
A3: Zerodha Training & Development · All activities recorded for this month
A4: ← Use the sheet tabs at the bottom to navigate to other months or Dashboard
A6: # | B6: Type of Training | C6: Training Details | D6: Start Date | E6: Completed | F6: Trainer Name | G6: Session | H6: Topic Covered | I6: Man Hours
A7: No training activities recorded yet — add entries below
A22: TOTAL MAN HOURS THIS MONTH | I22: =SUM(I7:I21) -> 0

Sheet October 2026
A2: OCTOBER 2026 — TRAINING LOG
A3: Zerodha Training & Development · All activities recorded for this month
A4: ← Use the sheet tabs at the bottom to navigate to other months or Dashboard
A6: # | B6: Type of Training | C6: Training Details | D6: Start Date | E6: Completed | F6: Trainer Name | G6: Session | H6: Topic Covered | I6: Man Hours
A7: No training activities recorded yet — add entries below
A22: TOTAL MAN HOURS THIS MONTH | I22: =SUM(I7:I21) -> 0

Sheet November 2026
A2: NOVEMBER 2026 — TRAINING LOG
A3: Zerodha Training & Development · All activities recorded for this month
A4: ← Use the sheet tabs at the bottom to navigate to other months or Dashboard
A6: # | B6: Type of Training | C6: Training Details | D6: Start Date | E6: Completed | F6: Trainer Name | G6: Session | H6: Topic Covered | I6: Man Hours
A7: No training activities recorded yet — add entries below
A22: TOTAL MAN HOURS THIS MONTH | I22: =SUM(I7:I21) -> 0

Sheet December 2026
A2: DECEMBER 2026 — TRAINING LOG
A3: Zerodha Training & Development · All activities recorded for this month
A4: ← Use the sheet tabs at the bottom to navigate to other months or Dashboard
A6: # | B6: Type of Training | C6: Training Details | D6: Start Date | E6: Completed | F6: Trainer Name | G6: Session | H6: Topic Covered | I6: Man Hours
A7: No training activities recorded yet — add entries below
A22: TOTAL MAN HOURS THIS MONTH | I22: =SUM(I7:I21) -> 0
